id,command,category,short_definition,description,syntax,example,example_explanation,common_options,related_commands,safety_level,distribution,created_at,updated_at
1,ls,Navigation,List directory contents,"Lists information about files and directories in the current or specified path. Supports detailed metadata listing, hidden files display, and custom sorting.",ls [OPTION]... [FILE]...,ls -lah /var/log,Lists all files including hidden ones in /var/log with human-readable file sizes and long format.,-l (long format)\n-a (all files including hidden)\n-h (human readable sizes)\n-t (sort by time)\n-r (reverse order),"dir, tree, stat, pwd",safe,All Major Linux Distributions,2026-09-20 21:00:36.821492,2026-09-20 21:00:36.821492
2,cd,Navigation,Change current working directory,Changes the shell working directory to the path provided. Typing cd without arguments returns to the user home directory.,cd [DIRECTORY],cd /etc/nginx && pwd,Changes directory to Nginx configuration folder and prints the current working path.,~ (home directory)\n- (previous directory)\n.. (parent directory),"pwd, pushd, popd",safe,All Major Linux Distributions,2026-09-20 21:00:36.821492,2026-09-20 21:00:36.821492
3,pwd,Navigation,Print working directory name,Outputs the full absolute path of the current working directory.,pwd [OPTION]...,pwd -P,Prints the physical path resolving all symbolic links.,-L (logical path)\n-P (physical path resolving symlinks),"cd, ls, dirs",safe,All Major Linux Distributions,2026-09-20 21:00:36.821492,2026-09-20 21:00:36.821492
4,tree,Navigation,Display directory structure as a visual tree,Recursively lists directory tree contents in a graphical colorized layout.,tree [OPTIONS] [DIRECTORY],tree -L 2 /home/user,Displays directory structure up to 2 depth levels.,-L level (max display depth)\n-d (list directories only)\n-a (include hidden files)\n-f (print full path prefix),"ls, find, du",safe,All Major Linux Distributions,2026-09-20 21:00:36.821492,2026-09-20 21:00:36.821492
5,pushd,Navigation,Push directory onto stack and change directory,Saves the current directory on a stack and changes to target directory.,pushd [DIRECTORY],pushd /tmp,Pushes current dir to stack and enters /tmp.,+N (rotate Nth directory to top),"popd, dirs, cd",safe,All Major Linux Distributions,2026-09-20 21:00:36.821492,2026-09-20 21:00:36.821492
6,popd,Navigation,Pop directory from stack and change directory,Removes top directory from stack and changes to new top directory.,popd,popd,Returns to directory saved on top of stack.,+N (remove Nth directory),"pushd, dirs, cd",safe,All Major Linux Distributions,2026-09-20 21:00:36.821492,2026-09-20 21:00:36.821492
7,mkdir,File Management,Create directories,Creates new directories if they do not already exist.,mkdir [OPTION]... DIRECTORY...,mkdir -p project/src/components,Creates target folder along with missing parent directories.,-p (create parent directories as needed)\n-v (verbose mode)\n-m mode (set permissions),"rmdir, touch, rm",safe,All Major Linux Distributions,2026-09-20 21:00:36.821492,2026-09-20 21:00:36.821492
8,rmdir,File Management,Remove empty directories,Removes specified empty directories.,rmdir [OPTION]... DIRECTORY...,rmdir -p old_dir/sub_dir,Removes sub_dir and parent old_dir if both become empty.,-p (remove parent dirs)\n-v (verbose output),"mkdir, rm",safe,All Major Linux Distributions,2026-09-20 21:00:36.821492,2026-09-20 21:00:36.821492
9,touch,File Management,Change file timestamps or create empty file,Updates access and modification timestamps of files. Creates a empty file if target does not exist.,touch [OPTION]... FILE...,touch index.html,Creates an empty file named index.html if it does not exist.,-a (change access time only)\n-m (change modification time only)\n-t timestamp (use specified time),"mkdir, cat, stat",safe,All Major Linux Distributions,2026-09-20 21:00:36.821492,2026-09-20 21:00:36.821492
10,cp,File Management,Copy files and directories,Copies source files or directories to a destination path.,cp [OPTION]... SOURCE... DESTINATION,cp -r /var/www/html /backup/,Recursively copies the entire web document directory to backup storage.,"-r / -R (recursive)\n-i (prompt before overwrite)\n-v (verbose)\n-u (copy only when source is newer)\n-a (archive, preserves attributes)","mv, rsync, scp",safe,All Major Linux Distributions,2026-09-20 21:00:36.821492,2026-09-20 21:00:36.821492
11,mv,File Management,Move or rename files and directories,"Moves files or directories from one location to another, or renames them.",mv [OPTION]... SOURCE DEST,mv draft.txt published.txt,Renames draft.txt to published.txt.,-i (interactive prompt before overwrite)\n-n (do not overwrite existing)\n-v (verbose output),"cp, rm, rename",caution,All Major Linux Distributions,2026-09-20 21:00:36.821492,2026-09-20 21:00:36.821492
12,rm,File Management,Remove files or directories,Deletes files or directories specified on the command line.,rm [OPTION]... FILE...,rm -rf /tmp/scratch_dir,Recursively and forcefully deletes scratch_dir without confirmation prompts.,-r / -R (recursive)\n-f (force ignore non-existent files and never prompt)\n-i (prompt before every removal)\n-v (verbose),"rmdir, unlink, trash",dangerous,All Major Linux Distributions,2026-09-20 21:00:36.821492,2026-09-20 21:00:36.821492
13,ln,File Management,Make links between files,Creates hard or soft (symbolic) links pointing to target files.,ln [OPTION]... TARGET LINK_NAME,ln -s /etc/nginx/sites-available/app /etc/nginx/sites-enabled/,Creates a symbolic link for an enabled Nginx site.,-s (symbolic link)\n-f (force overwrite existing target)\n-v (verbose mode),"cp, readlink, stat",safe,All Major Linux Distributions,2026-09-20 21:00:36.821492,2026-09-20 21:00:36.821492
14,mktemp,File Management,Create a temporary file or directory,Generates unique temporary files or directories safely to prevent race conditions.,mktemp [OPTION]... [TEMPLATE],TMPFILE=$(mktemp /tmp/myapp.XXXXXX),Creates a secure temporary file with a randomized name suffix.,"-d (create directory instead of file)\n-u (dry run, do not create)","touch, mkdir, tempfile",safe,All Major Linux Distributions,2026-09-20 21:00:36.821492,2026-09-20 21:00:36.821492
15,cat,Text Processing,Concatenate files and print on stdout,Reads files sequentially and writes their contents to standard output.,cat [OPTION]... [FILE]...,cat -n config.sys,Outputs file contents with line numbers.,-n (number all output lines)\n-b (number non-empty lines)\n-s (squeeze repeated empty lines)\n-A (show non-printing characters),"tac, less, head, tail",safe,All Major Linux Distributions,2026-09-20 21:00:36.821492,2026-09-20 21:00:36.821492
16,tac,Text Processing,Concatenate and print files in reverse line order,Prints file contents backwards line by line.,tac [OPTION]... [FILE]...,tac /var/log/syslog | head -n 20,Reads log file backwards to display the most recent entries first.,-b (attach separator before)\n-r (regex separator),"cat, rev, tail",safe,All Major Linux Distributions,2026-09-20 21:00:36.821492,2026-09-20 21:00:36.821492
17,head,Text Processing,Output the first part of files,Prints the first N lines or bytes of specified files.,head [OPTION]... [FILE]...,head -n 50 access.log,Outputs the first 50 lines of access.log.,"-n lines (number of lines)\n-c bytes (number of bytes)\n-q (quiet, suppress headers)","tail, cat, sed",safe,All Major Linux Distributions,2026-09-20 21:00:36.821492,2026-09-20 21:00:36.821492
18,tail,Text Processing,Output the last part of files,Outputs the final lines of files. Capable of real-time continuous log streaming.,tail [OPTION]... [FILE]...,tail -f -n 100 /var/log/nginx/error.log,Streams newly added lines to error.log continuously in real time.,"-f (follow, output growing data)\n-n lines (output last N lines)\n-F (retry opening file if renamed/deleted)","head, cat, journalctl",safe,All Major Linux Distributions,2026-09-20 21:00:36.821492,2026-09-20 21:00:36.821492
19,less,Text Processing,Opposite of more - scrollable file viewer,Interactive terminal pager allowing forward and backward file navigation.,less [OPTION] FILE,less +G /var/log/auth.log,Opens auth.log immediately positioned at the bottom of the file.,-N (show line numbers)\n-S (chop long lines)\n-i (ignore case in search),"more, cat, view",safe,All Major Linux Distributions,2026-09-20 21:00:36.821492,2026-09-20 21:00:36.821492
20,cut,Text Processing,Remove sections from each line of files,"Extracts byte positions, characters, or delimited fields from input lines.",cut OPTION... [FILE]...,"cut -d"","" -f1,3 data.csv",Extracts 1st and 3rd comma-delimited columns from CSV file.,-d delim (field delimiter)\n-f fields (select fields)\n-b bytes (select specific bytes)\n-c chars (select characters),"awk, paste, tr",safe,All Major Linux Distributions,2026-09-20 21:00:36.821492,2026-09-20 21:00:36.821492
21,awk,Text Processing,Pattern scanning and text processing language,"Powerful scripting tool for line-by-line processing, field manipulation, and structured data generation.",awk [options] 'script' var=value file...,"awk -F"":"" '$3 >= 1000 {print $1, $3}' /etc/passwd",Parses /etc/passwd to list user accounts with UID >= 1000.,-F fs (input field separator)\n-v var=val (assign variable)\n-f file (read program script file),"sed, grep, cut, perl",safe,All Major Linux Distributions,2026-09-20 21:00:36.821492,2026-09-20 21:00:36.821492
22,sed,Text Processing,Stream editor for filtering and transforming text,Performs basic text transformations on an input stream or file.,sed [OPTION]... {script} [input-file]...,sed -i 's/http/https/g' config.json,In-place replaces all occurrences of http with https in config.json.,-i (edit files in-place)\n-e script (add script to commands)\n-n (suppress automatic printing),"awk, grep, tr",caution,All Major Linux Distributions,2026-09-20 21:00:36.821492,2026-09-20 21:00:36.821492
23,sort,Text Processing,Sort lines of text files,Sorts lines of text files alphabetically or numerically.,sort [OPTION]... [FILE]...,"sort -nk2,2 -t"","" scores.csv",Sorts comma-separated file numerically by 2nd field.,-n (numeric sort)\n-r (reverse result)\n-k keydef (sort key position)\n-t char (field separator)\n-u (unique outputs),"uniq, awk, rank",safe,All Major Linux Distributions,2026-09-20 21:00:36.821492,2026-09-20 21:00:36.821492
24,uniq,Text Processing,Report or omit repeated lines,Filters matching adjacent lines from input file or standard input.,uniq [OPTION]... [INPUT [OUTPUT]],"sort access.log | cut -d"" "" -f1 | uniq -c | sort -nr",Counts unique IP addresses from access log and sorts by frequency.,-c (count occurrences)\n-d (only print duplicate lines)\n-u (only print unique lines)\n-i (ignore case),"sort, awk",safe,All Major Linux Distributions,2026-09-20 21:00:36.821492,2026-09-20 21:00:36.821492
25,wc,Text Processing,"Print newline, word, and byte counts","Counts lines, words, characters, and byte counts of files.",wc [OPTION]... [FILE]...,wc -l src/**/*.js,Counts total line numbers across all JavaScript files in src directory.,-l (count lines)\n-w (count words)\n-c (count bytes)\n-m (count characters),"cat, du, cloc",safe,All Major Linux Distributions,2026-09-20 21:00:36.821492,2026-09-20 21:00:36.821492
26,tr,Text Processing,Translate or delete characters,"Translates, squeezes, or deletes characters from standard input.",tr [OPTION]... SET1 [SET2],cat input.txt | tr 'a-z' 'A-Z',Converts all lowercase letters to uppercase.,-d (delete characters in SET1)\n-s (squeeze repeated characters)\n-c (complement SET1),"sed, awk, cut",safe,All Major Linux Distributions,2026-09-20 21:00:36.821492,2026-09-20 21:00:36.821492
27,find,File Search,Search for files in a directory hierarchy,"Searches directory trees for files matching criteria like name, size, type, modification date, and permissions.",find [path...] [expression],"find /var/log -name ""*.log"" -mtime -7 -size +10M",Finds log files in /var/log modified within 7 days larger than 10MB.,-name pattern (file pattern)\n-type f/d (file or dir)\n-mtime days (modified days ago)\n-size spec (file size)\n-exec cmd {} + (execute command on match),"locate, grep, fd, whereis",safe,All Major Linux Distributions,2026-09-20 21:00:36.821492,2026-09-20 21:00:36.821492
28,locate,File Search,Find files by name using indexed database,Searches pre-indexed file database for fast file name lookup.,locate [OPTION]... PATTERN...,locate -i nginx.conf,Quickly finds all path locations containing nginx.conf ignoring case.,-i (ignore case)\n-c (count matches)\n-r (use regular expression)\n-l limit (limit number of results),"find, updatedb, whereis",safe,All Major Linux Distributions,2026-09-20 21:00:36.821492,2026-09-20 21:00:36.821492
29,grep,File Search,Search text matching a pattern in files,Searches input files for lines containing matches to a specified regular expression.,grep [OPTIONS] PATTERN [FILE...],"grep -rnI --exclude-dir=node_modules ""API_KEY"" .",Recursively searches current dir for string API_KEY excluding node_modules and binary files.,-r / -R (recursive search)\n-n (print line number)\n-i (ignore case)\n-v (invert match)\n-E (extended regex)\n-c (count matching lines),"ack, ripgrep, sed, awk, find",safe,All Major Linux Distributions,2026-09-20 21:00:36.821492,2026-09-20 21:00:36.821492
30,ripgrep,File Search,Recursively search directories for regex pattern fast,Ultra-fast line-oriented search tool that respects gitignore and skips binary files automatically.,rg [OPTIONS] PATTERN [PATH...],"rg -t py ""class DataPipeline""",Searches Python files for class definition using multithreading.,-t type (filter file type)\n-i (case insensitive)\n-C num (context lines)\n-w (word boundary match),"grep, fd, ack",safe,All Major Linux Distributions,2026-09-20 21:00:36.821492,2026-09-20 21:00:36.821492
31,fd,File Search,"Simple, fast and user-friendly alternative to find","Fast file search command line utility with intuitive syntax, colored output, and smart case search.",fd [FLAGS/OPTIONS] [pattern] [path],fd -e md -x wc -l,Finds all markdown files and executes word line count on each.,-e ext (file extension)\n-H (include hidden files)\n-x cmd (execute command on matches)\n-t type (filter by file/dir),"find, locate, rg",safe,All Major Linux Distributions,2026-09-20 21:00:36.821492,2026-09-20 21:00:36.821492
32,which,File Search,Locate executable command path,Returns the pathnames of executable files that would be executed in the current shell environment.,which [options] [--] programname ...,which python3,Prints absolute path of default python3 interpreter.,-a (print all matching path entries in PATH),"whereis, type, command",safe,All Major Linux Distributions,2026-09-20 21:00:36.821492,2026-09-20 21:00:36.821492
33,whereis,File Search,"Locate the binary, source, and manual page files for a command",Locates documentation and binary locations for specified utility names.,whereis [options] name...,whereis bash,"Prints locations of bash binary, source code, and man pages.",-b (search only binaries)\n-m (search only manual pages)\n-s (search only sources),"which, locate, type",safe,All Major Linux Distributions,2026-09-20 21:00:36.821492,2026-09-20 21:00:36.821492
34,man,Command Discovery,Format and display online manual pages,"System interface to reference documentation pages for commands, system calls, and library functions.",man [SECTION] PAGE...,man 5 fstab,Opens section 5 manual page explaining /etc/fstab file format.,-k keyword (search keywords like apropos)\n-f command (whatis lookup)\n-P pager (specify custom pager),"info, tldr, whatis, apropos",safe,All Major Linux Distributions,2026-09-20 21:00:36.821492,2026-09-20 21:00:36.821492
35,tldr,Command Discovery,Simplified and community-driven man pages,"Provides practical, simple example-driven command summaries.",tldr command,tldr tar,Displays most common practical examples for tar archiver command.,-u (update local cache)\n-p platform (specify os linux/osx),"man, info, help",safe,All Major Linux Distributions,2026-09-20 21:00:36.821492,2026-09-20 21:00:36.821492
36,info,Command Discovery,Read Info documents,GNU hyper-text document reader for comprehensive GNU software manuals.,info [OPTION]... [MENU-ITEM...],"info coreutils ""tar invocation""",Opens GNU Info documentation directly to tar invocation section.,-n node (select specific node)\n--subnodes (output subnodes recursively),"man, tldr, help",safe,All Major Linux Distributions,2026-09-20 21:00:36.821492,2026-09-20 21:00:36.821492
37,alias,Shell,Create shortcuts for commands,Defines custom command aliases or lists currently set aliases.,alias [name[=value] ...],alias ll='ls -la --color=auto',Creates an alias shortcut named ll for detailed colorized file listing.,-p (print all defined aliases in reusable format),"unalias, bash, zsh",safe,All Major Linux Distributions,2026-09-20 21:00:36.821492,2026-09-20 21:00:36.821492
38,unalias,Shell,Remove command alias,Deletes specified command alias definitions from active shell session.,unalias [-a] name...,unalias ll,Removes the custom ll command shortcut.,-a (remove all defined aliases),"alias, bash",safe,All Major Linux Distributions,2026-09-20 21:00:36.821492,2026-09-20 21:00:36.821492
39,echo,Shell,Display a line of text,Prints arguments to standard output.,echo [SHORT-OPTION]... [STRING]...,"echo ""PATH is $PATH""",Evaluates and prints environment variable PATH string.,-e (enable interpretation of backslash escapes)\n-n (do not output trailing newline),"printf, env, printenv",safe,All Major Linux Distributions,2026-09-20 21:00:36.821492,2026-09-20 21:00:36.821492
40,printf,Shell,Format and print data,Formats and prints arguments under control of string format specifier.,printf FORMAT [ARGUMENT]...,"printf ""User: %-10s ID: %d\n"" ""alice"" 1001",Formats tabular user record with left alignment.,"Supports standard C printf conversion specifiers (%s, %d, %f, %x)","echo, awk",safe,All Major Linux Distributions,2026-09-20 21:00:36.821492,2026-09-20 21:00:36.821492
41,clear,Shell,Clear the terminal screen,Clears terminal screen and scrollback buffer.,clear [options],clear,Wipes current shell terminal viewport.,-x (do not clear scrollback buffer),"reset, tput",safe,All Major Linux Distributions,2026-09-20 21:00:36.821492,2026-09-20 21:00:36.821492
42,history,Shell,Display or manage shell execution history list,Displays command history list with line numbers or writes history file.,history [n] / history -c,"history | grep ""docker run""",Searches recent shell history for past docker commands.,-c (clear history list)\n-d offset (delete position entry)\n-w (write history to file),"fc, bash, zsh",safe,All Major Linux Distributions,2026-09-20 21:00:36.821492,2026-09-20 21:00:36.821492
43,export,Shell,Set environment variables for child processes,Marks environment variables to be exported to child processes created by current shell.,export [-fn] [name[=value] ...] or export -p,export DB_PORT=5432,Sets DB_PORT variable and exports it to subsequent commands.,-p (display all exported variables)\n-n (remove export property from name),"env, set, unset, printenv",safe,All Major Linux Distributions,2026-09-20 21:00:36.821492,2026-09-20 21:00:36.821492
44,unset,Shell,Unset values and attributes of variables and functions,Removes variables or functions from shell runtime environment.,unset [-f] [-v] [name ...],unset DB_PASSWORD,Clears DB_PASSWORD variable from memory.,-v (treat names as variables)\n-f (treat names as functions),"export, env, set",safe,All Major Linux Distributions,2026-09-20 21:00:36.821492,2026-09-20 21:00:36.821492
45,env,Environment,Run a program in a modified environment or list variables,Prints current environment variables or executes program in customized environment.,env [OPTION]... [NAME=VALUE]... [COMMAND [ARG]...],env -i PATH=/usr/bin node app.js,Runs Node application in an isolated blank environment containing only PATH.,-i (start with empty environment)\n-u name (unset variable from environment),"printenv, export, set",safe,All Major Linux Distributions,2026-09-20 21:00:36.821492,2026-09-20 21:00:36.821492
46,printenv,Environment,Print all or part of environment,Displays values of specified environment variables or all active environment variables.,printenv [OPTION]... [VARIABLE]...,printenv USER HOME SHELL,"Prints values of USER, HOME, and SHELL variables.",-0 (end each output line with null byte),"env, export, echo",safe,All Major Linux Distributions,2026-09-20 21:00:36.821492,2026-09-20 21:00:36.821492
47,ps,Processes,Report current process snapshot,Outputs detailed state information about currently running processes.,ps [options],ps aux | grep java,Lists all processes running on system filtering for Java processes.,a (show processes for all users)\nu (user-oriented format)\nx (show processes without controlling terminal)\n-ef (standard full listing),"top, htop, pgrep, pstree",safe,All Major Linux Distributions,2026-09-20 21:00:36.821492,2026-09-20 21:00:36.821492
48,top,Processes,Display Linux dynamic real-time processes,"Interactive real-time task manager monitoring CPU, memory utilization, and running processes.",top - [d delay] [n iterations] [p pid],top -u postgres,Monitors processes belonging strictly to user postgres.,-u user (monitor specific user)\n-p pid (monitor single PID)\n-d delay (update interval seconds)\n-b (batch mode for logging),"htop, atop, ps, vmstat",safe,All Major Linux Distributions,2026-09-20 21:00:36.821492,2026-09-20 21:00:36.821492
49,htop,Processes,Interactive process viewer and manager,"Modern colorized interactive process viewer with mouse support, tree views, and quick signal sending.",htop [options],htop,Launches interactive process manager UI.,-d delay (update delay in tenths of seconds)\n-u user (filter by user name)\n-t (show tree view),"top, ps, glances",safe,All Major Linux Distributions,2026-09-20 21:00:36.821492,2026-09-20 21:00:36.821492
50,kill,Processes,Send a signal to a process,Terminates or sends specified inter-process control signals to process IDs.,kill [-SIGNAL | -s SIGNAL] PID...,kill -9 12345,Sends SIGKILL (signal 9) to forcefully terminate process 12345.,-9 / -TERM / -KILL (signal selection)\n-l (list signal names),"pkill, killall, xargs",caution,All Major Linux Distributions,2026-09-20 21:00:36.821492,2026-09-20 21:00:36.821492
51,pkill,Processes,Signal processes based on name and attributes,Sends signals to processes matching process name regex patterns.,pkill [options] pattern,"pkill -f ""node server.js""","Terminates node processes matching command string ""node server.js"".",-f (match full command line pattern)\n-u user (match user)\n-9 (force kill),"kill, killall, pgrep",caution,All Major Linux Distributions,2026-09-20 21:00:36.821492,2026-09-20 21:00:36.821492
52,killall,Processes,Kill processes by exact command name,Terminates all running processes executing the specified command name.,killall [options] name...,killall -g nginx,Kills process group associated with Nginx.,-i (ask for confirmation)\n-q (quiet execution)\n-u user (kill processes owned by user),"kill, pkill, ps",caution,All Major Linux Distributions,2026-09-20 21:00:36.821492,2026-09-20 21:00:36.821492
53,nice,Processes,Run a program with modified scheduling priority,Executes program with modified process priority niceness value (-20 highest to 19 lowest).,nice [OPTION] [COMMAND [ARG]...],nice -n 10 tar -czf backup.tar.gz /data,Runs CPU-intensive tar backup with lower priority (nice 10).,-n adjustment (niceness increment value from -20 to 19),"renice, ps, top",safe,All Major Linux Distributions,2026-09-20 21:00:36.821492,2026-09-20 21:00:36.821492
54,renice,Processes,Alter priority of running processes,Changes scheduling priority of already running active processes.,renice [-n] priority [-p|--pid] pid...,renice -n -5 -p 4321,Increases scheduling priority of PID 4321.,-p (treat args as process IDs)\n-u (treat args as user names)\n-g (treat args as process group IDs),"nice, ps, top",caution,All Major Linux Distributions,2026-09-20 21:00:36.821492,2026-09-20 21:00:36.821492
55,nohup,Processes,Run command immune to hangups,"Executes command oblivious to hangup signals (SIGHUP), allowing it to continue running after terminal exit.",nohup COMMAND [ARG]...,nohup python3 script.py > output.log 2>&1 &,Runs Python script in background continuously surviving SSH disconnection.,--help (display help manual),"disown, tmux, screen, bg",safe,All Major Linux Distributions,2026-09-20 21:00:36.821492,2026-09-20 21:00:36.821492
56,pgrep,Processes,Look up processes based on name and attributes,Searches active processes and returns matching process IDs.,pgrep [options] pattern,pgrep -l -u root sshd,Lists PIDs and names of root SSH daemon processes.,-l (list process name alongside PID)\n-a (list full command line)\n-u user (filter user),"ps, pkill, pidof",safe,All Major Linux Distributions,2026-09-20 21:00:36.821492,2026-09-20 21:00:36.821492
57,df,File Systems,Report file system disk space usage,Displays total available and used disk space capacity on mounted filesystems.,df [OPTION]... [FILE]...,df -hT /,Displays root filesystem storage capacity in human readable format with filesystem types.,-h (human readable output in MB/GB)\n-T (print filesystem type)\n-i (list inode usage instead of block usage),"du, lsblk, fdisk",safe,All Major Linux Distributions,2026-09-20 21:00:36.821492,2026-09-20 21:00:36.821492
58,du,File Systems,Estimate file space usage,Calculates disk space consumed by directories and files recursively.,du [OPTION]... [FILE]...,du -sh /var/log/*,Prints total summary disk usage of each directory inside /var/log.,-s (display total summary only)\n-h (human readable output format)\n-a (write counts for all files)\n-c (produce grand total),"df, ncdu, ls",safe,All Major Linux Distributions,2026-09-20 21:00:36.821492,2026-09-20 21:00:36.821492
59,lsblk,Storage,List block devices,"Displays structured tree details about all block storage devices (hard drives, NVMe, partitions).",lsblk [options] [device],lsblk -f,Outputs disk partition tree along with filesystem labels and UUIDs.,-f (output filesystem info and UUIDs)\n-a (list empty devices)\n-m (print permissions and owners),"fdisk, blkid, df",safe,All Major Linux Distributions,2026-09-20 21:00:36.821492,2026-09-20 21:00:36.821492
60,fdisk,Storage,Manipulate disk partition table,"Interactive command-line tool for viewing, creating, resizing, and deleting partition tables on disks.",fdisk [options] device,fdisk -l /dev/sda,Lists partition table structure of storage drive /dev/sda.,-l (list partition tables for specified devices)\n-s partition (display size in sectors),"parted, lsblk, mkfs",dangerous,All Major Linux Distributions,2026-09-20 21:00:36.821492,2026-09-20 21:00:36.821492
61,mount,Storage,Mount a filesystem,Attaches storage filesystem of a disk partition or remote share to directory tree.,mount [-l] [-t type] device dir,mount -t ext4 /dev/sdb1 /mnt/data,Mounts ext4 partition /dev/sdb1 to /mnt/data directory.,"-t type (filesystem type)\n-o options (read-only, loop, defaults, noatime)\n-a (mount all filesystems in fstab)","umount, fstab, lsblk",caution,All Major Linux Distributions,2026-09-20 21:00:36.821492,2026-09-20 21:00:36.821492
62,umount,Storage,Unmount file systems,Detaches mounted filesystem from target mount point.,umount [OPTION]... DIRECTORY|DEVICE,umount -l /mnt/data,"Lazy unmounts /mnt/data, detaching filesystem immediately once busy locks release.",-f (force unmount in case of unreachable NFS)\n-l (lazy unmount detach now),"mount, fuser, lsof",caution,All Major Linux Distributions,2026-09-20 21:00:36.821492,2026-09-20 21:00:36.821492
63,dd,Storage,Convert and copy a file,"Low-level bitstream data copier used for disk cloning, backup creation, and zero-filling storage media.",dd operand...,dd if=ubuntu.iso of=/dev/sdb status=progress bs=4M conv=fdatasync,Writes ISO image directly to USB drive /dev/sdb displaying real-time progress.,if=file (input source)\nof=file (output target)\nbs=bytes (block size buffer)\nstatus=progress (display transfer progress),"cp, cat, pv",dangerous,All Major Linux Distributions,2026-09-20 21:00:36.821492,2026-09-20 21:00:36.821492
64,sync,Storage,Synchronize cached writes to persistent storage,Flushes buffered file data and filesystem metadata from RAM cache to physical storage disks.,sync [OPTION] [FILE]...,sync,Ensures all pending write operations are safely committed to disk before shutdown or unmounting.,-f (sync filesystem containing file)\n-d (sync file data only),"umount, shutdown",safe,All Major Linux Distributions,2026-09-20 21:00:36.821492,2026-09-20 21:00:36.821492
65,ping,Networking,Send ICMP ECHO_REQUEST to network hosts,Tests network connectivity and latency to remote hosts using ICMP packets.,ping [options] destination,ping -c 4 google.com,Sends 4 ICMP echo request packets to google.com to measure round-trip latency.,-c count (stop after sending N packets)\n-i interval (wait seconds between packets)\n-W timeout (time to wait for response),"traceroute, netstat, mtr",safe,All Major Linux Distributions,2026-09-20 21:00:36.821492,2026-09-20 21:00:36.821492
66,curl,Networking,Transfer data to or from a server via HTTP/HTTPS/FTP,"Command line client for requesting web endpoints, downloading files, testing REST APIs, and uploading data.",curl [options] [URL...],"curl -X POST -H ""Content-Type: application/json"" -d '{""key"":""val""}' https://api.example.com/v1",Sends HTTP POST request with JSON payload to remote REST API endpoint.,-X method (HTTP method GET/POST/PUT/DELETE)\n-H header (custom request header)\n-d data (post body data)\n-i (include response HTTP headers)\n-o file (write output to file)\n-u user:pass (authentication),"wget, httpie, nc",safe,All Major Linux Distributions,2026-09-20 21:00:36.821492,2026-09-20 21:00:36.821492
67,wget,Networking,Non-interactive network downloader,"Retrieves files over HTTP, HTTPS, and FTP supporting background execution, recursive crawling, and retries.",wget [option]... [URL]...,wget -c --mirror --convert-links https://docs.example.com/,Recursively mirrors documentation website for offline browsing with resume support.,-c (continue partially downloaded file)\n-b (go to background after startup)\n-q (quiet mode)\n-O file (save to specified filename),"curl, axel, rsync",safe,All Major Linux Distributions,2026-09-20 21:00:36.821492,2026-09-20 21:00:36.821492
68,netstat,Networking,"Print network connections, routing tables, and interface statistics","Displays open network ports, active TCP/UDP sockets, routing tables, and interface statistics.",netstat [options],netstat -tuln,Displays all active listening TCP and UDP ports in numeric address format.,-t (TCP ports)\n-u (UDP ports)\n-l (listening sockets only)\n-n (show numeric IP addresses and ports)\n-p (show PID and program name),"ss, lsof, ip, nmap",safe,All Major Linux Distributions,2026-09-20 21:00:36.821492,2026-09-20 21:00:36.821492
69,ss,Networking,Utility to investigate sockets,"Modern, faster alternative to netstat for inspecting socket statistics and network sockets.",ss [options] [FILTER],ss -tulpn,Lists all listening TCP/UDP network ports with associated process IDs.,-t (TCP sockets)\n-u (UDP sockets)\n-l (listening sockets)\n-p (show process using socket)\n-n (do not resolve service names),"netstat, lsof, ip",safe,All Major Linux Distributions,2026-09-20 21:00:36.821492,2026-09-20 21:00:36.821492
70,ip,Networking,"Show / manipulate routing, network devices, interfaces and tunnels","Comprehensive utility replacing ifconfig, route, and arp for configuring network interfaces.",ip [ OPTIONS ] OBJECT { COMMAND | help },ip addr show dev eth0,Displays IP configuration and MAC address details for eth0 network interface.,addr (manage IP addresses)\nlink (manage network devices)\nroute (manage routing table)\nneigh (manage ARP neighbor cache),"ifconfig, route, arp",caution,All Major Linux Distributions,2026-09-20 21:00:36.821492,2026-09-20 21:00:36.821492
71,dig,Networking,DNS lookup utility,Performs DNS lookups and outputs answers returned from queried name servers.,dig [OPTION] [name] [type] [CLASS],dig +short MX github.com,Fetches mail exchange (MX) DNS records for github.com in concise format.,+short (concise answer format)\n-x ip (reverse DNS lookup)\nANY / A / AAAA / CNAME / TXT (record types),"nslookup, host, drill",safe,All Major Linux Distributions,2026-09-20 21:00:36.821492,2026-09-20 21:00:36.821492
72,nslookup,Networking,Query Internet name servers interactively,Queries DNS servers to map hostname to IP addresses or perform reverse lookups.,nslookup [-option] [host-to-find] [server],nslookup 8.8.8.8,Performs reverse DNS query for IP 8.8.8.8.,-type=TYPE (DNS query type)\nport=PORT (custom server port),"dig, host",safe,All Major Linux Distributions,2026-09-20 21:00:36.821492,2026-09-20 21:00:36.821492
73,traceroute,Networking,Print the route packets take to network host,Traces packet hop route across network routers towards destination IP.,traceroute [options] host [packetlen],traceroute -n 1.1.1.1,Traces network path hops to 1.1.1.1 showing raw IP addresses.,-n (do not resolve IP addresses to hostnames)\n-m max_ttl (maximum number of hops)\n-T (use TCP SYN for probes),"tracepath, mtr, ping",safe,All Major Linux Distributions,2026-09-20 21:00:36.821492,2026-09-20 21:00:36.821492
74,nmap,Networking,Network exploration tool and security / port scanner,"Audits network security by scanning remote hosts for open ports, running services, and OS signatures.",nmap [Scan Type...] [Options] {target specification},"nmap -sV -p 80,443,8080 192.168.1.1","Scans target IP for service versions on web ports 80, 443, and 8080.",-sS (TCP SYN stealth scan)\n-sV (service/version detection)\n-O (OS fingerprinting)\n-p ports (scan specified ports),"nc, masscan, ss",caution,All Major Linux Distributions,2026-09-20 21:00:36.821492,2026-09-20 21:00:36.821492
75,nc,Networking,Arbitrary TCP and UDP connections and listens (Netcat),"Swiss army knife of networking used to read, write, listen, and proxy network socket connections.",nc [options] [hostname] [port[s]],nc -zv 192.168.1.50 22-80,Scans remote host to check if ports 22 through 80 are accepting connections.,-l (listen mode for inbound connections)\n-p port (source port)\n-z (zero-I/O mode for port scanning)\n-v (verbose output),"nmap, socat, telnet",safe,All Major Linux Distributions,2026-09-20 21:00:36.821492,2026-09-20 21:00:36.821492
76,ssh,Remote Access,OpenSSH SSH client (remote login program),Connects securely to remote server shell over encrypted SSH tunnel.,ssh [options] [user@]hostname [command],ssh -i ~/.ssh/id_rsa -p 2222 admin@remote.server.com,Connects to remote server on port 2222 using private RSA key authentication.,-i identity_file (private key file)\n-p port (remote port number)\n-L local:host:remote (local port forwarding)\n-X (enable X11 forwarding),"scp, sftp, mosh",safe,All Major Linux Distributions,2026-09-20 21:00:36.821492,2026-09-20 21:00:36.821492
77,scp,Remote Access,Secure file copy over SSH,Copies files between local and remote hosts securely using SSH protocol.,scp [options] [[user@]host1:]file1 [[user@]host2:]file2,scp -P 2222 -r ./dist/ user@remote:/var/www/app/,Uploads build folder dist to remote web root directory.,-P port (SSH port number)\n-r (recursively copy directories)\n-C (enable compression)\n-i key (identity key file),"rsync, sftp, ssh",safe,All Major Linux Distributions,2026-09-20 21:00:36.821492,2026-09-20 21:00:36.821492
78,rsync,Remote Access,"Fast, versatile, remote and local file-synchronization tool",Synchronizes files incrementally between paths or remote servers sending only delta differences.,rsync [OPTION...] SRC... [DEST],"rsync -avz --delete -e ""ssh -p 2222"" ./src/ user@server:/app/src/",Synchronizes local src directory with remote server deleting obsolete target files.,-a (archive mode preserves permissions/times/symlinks)\n-v (verbose output)\n-z (compress file data during transfer)\n-P (show progress bar during transfer)\n--delete (delete files in dest not in src),"scp, cp, rdiff",safe,All Major Linux Distributions,2026-09-20 21:00:36.821492,2026-09-20 21:00:36.821492
79,sftp,Remote Access,Secure File Transfer Program over SSH,Interactive file transfer utility operating over an encrypted SSH transport stream.,sftp [options] [user@]host,sftp user@fileserver.com,Opens interactive SFTP session for uploading/downloading files.,-P port (specify SSH port)\n-b batchfile (execute non-interactive batch commands),"scp, ssh, ftptop",safe,All Major Linux Distributions,2026-09-20 21:00:36.821492,2026-09-20 21:00:36.821492
80,ssh-keygen,Remote Access,"Authentication key generation, management and conversion","Generates, manages, and converts public/private authentication key pairs for SSH.",ssh-keygen [options],"ssh-keygen -t ed25519 -C ""admin@company.com""",Generates high-security Ed25519 SSH keypair with user comment.,-t type (key algorithm dsa/rsa/ecdsa/ed25519)\n-b bits (key bit length)\n-f filename (output key file path)\n-N passphrase (set key password),"ssh, ssh-copy-id",safe,All Major Linux Distributions,2026-09-20 21:00:36.821492,2026-09-20 21:00:36.821492
81,ssh-copy-id,Remote Access,Install public key on a remote machine authorized_keys,Appends local public SSH key to remote host ~/.ssh/authorized_keys file for passwordless login.,ssh-copy-id [-i [identity_file]] [user@]machine,ssh-copy-id -i ~/.ssh/id_ed25519.pub user@remote.host,Installs public key onto remote host enabling key-based authentication.,-i identity_file (path to public key file)\n-p port (remote SSH port),"ssh, ssh-keygen",safe,All Major Linux Distributions,2026-09-20 21:00:36.821492,2026-09-20 21:00:36.821492
82,tar,Archives,An archiving utility,"Bundles multiple files and directories into a single tape archive (.tar) with optional compression (.gz, .bz2, .xz).",tar [OPTION...] [FILE]...,tar -czvf backup-2026.tar.gz /home/user/documents,Creates a gzip-compressed archive of documents directory.,-c (create new archive)\n-x (extract archive)\n-v (verbose file output)\n-f file (archive filename)\n-z (filter through gzip)\n-j (filter through bzip2)\n-J (filter through xz),"gzip, zip, 7z",safe,All Major Linux Distributions,2026-09-20 21:00:36.821492,2026-09-20 21:00:36.821492
83,gzip,Archives,Compress or expand files,Compresses files using Lempel-Ziv coding (LZ77) creating .gz archives.,gzip [OPTION]... [FILE]...,gzip -9 -k database.sql,Compresses database dump file using maximum compression level retaining original file.,-d (decompress archive)\n-k (keep original input file)\n-9 (maximum compression level)\n-r (recursive directory compression),"gunzip, tar, bzip2",safe,All Major Linux Distributions,2026-09-20 21:00:36.821492,2026-09-20 21:00:36.821492
84,gunzip,Archives,Decompress files compressed by gzip,Extracts and restores files compressed into .gz archive format.,gunzip [OPTION]... [FILE]...,gunzip data.csv.gz,Decompresses data.csv.gz restoring original data.csv file.,-k (keep compressed .gz file)\n-f (force overwrite existing target),"gzip, tar, zcat",safe,All Major Linux Distributions,2026-09-20 21:00:36.821492,2026-09-20 21:00:36.821492
85,zip,Archives,Package and compress files,Creates cross-platform compressed ZIP archives compatible with Windows/macOS/Linux.,zip [options] zipfile files_to_zip,zip -r -e project.zip ./src,Recursively compresses src folder into password-encrypted ZIP archive.,-r (recurse into directories)\n-e (encrypt archive with password)\n-q (quiet mode)\n-9 (best compression level),"unzip, tar, 7z",safe,All Major Linux Distributions,2026-09-20 21:00:36.821492,2026-09-20 21:00:36.821492
86,unzip,Archives,"List, test and extract compressed files in a ZIP archive",Extracts packed files from ZIP archives.,unzip [options] file[.zip] [file(s)...] [-d exdir],unzip -q archive.zip -d /tmp/extracted,Extracts archive contents silently into target directory /tmp/extracted.,-q (quiet execution)\n-d dir (output destination directory)\n-l (list archive contents without extraction)\n-o (overwrite files without prompting),"zip, tar, 7z",safe,All Major Linux Distributions,2026-09-20 21:00:36.821492,2026-09-20 21:00:36.821492
87,xz,Archives,Compress or decompress .xz files,High compression ratio data compressor utilizing LZMA/LZMA2 algorithm.,xz [OPTION]... [FILE]...,xz -T0 -k large_file.iso,Compresses ISO file using all available CPU threads.,-d (decompress)\n-k (keep original input file)\n-T threads (number of CPU threads)\n-9 (ultra high compression),"tar, gzip, bzip2",safe,All Major Linux Distributions,2026-09-20 21:00:36.821492,2026-09-20 21:00:36.821492
88,chmod,Permissions,Change file mode bits (permissions),"Modifies read, write, and execute permissions for user owner, group, and others.","chmod [OPTION]... MODE[,MODE]... FILE...",chmod -R 755 /var/www/html,Sets read/write/execute for owner and read/execute for group/others across web directory.,"-R (recursive permission change)\n-v (verbose mode)\nNumeric mode (e.g. 777, 644, 755)\nSymbolic mode (u+x, g-w, o=r)","chown, chgrp, umask",caution,All Major Linux Distributions,2026-09-20 21:00:36.821492,2026-09-20 21:00:36.821492
89,chown,Permissions,Change file owner and group,Changes file user ownership and group ownership attributes.,chown [OPTION]... [OWNER][:[GROUP]] FILE...,chown -R www-data:www-data /var/www/app,Changes ownership of web app directory to user www-data and group www-data.,-R (recursive operation)\n-h (affect symbolic links directly)\n-v (verbose output),"chmod, chgrp, stat",caution,All Major Linux Distributions,2026-09-20 21:00:36.821492,2026-09-20 21:00:36.821492
90,chgrp,Permissions,Change group ownership,Changes the group ownership of target files or directories.,chgrp [OPTION]... GROUP FILE...,chgrp -R developers /opt/project,Sets group ownership of project directory to developers group.,-R (recursive operation)\n-v (verbose output),"chown, chmod",safe,All Major Linux Distributions,2026-09-20 21:00:36.821492,2026-09-20 21:00:36.821492
91,sudo,Permissions,Execute a command as another user or superuser,Allows authorized users to execute commands with administrative (root) privileges defined in /etc/sudoers.,sudo [-u user] command,sudo systemctl restart nginx,Restarts Nginx web service using elevated root privileges.,-i (simulate initial login shell as root)\n-u user (run command as specified user)\n-k (invalidate cached user password credentials),"su, visudo, pkexec",caution,All Major Linux Distributions,2026-09-20 21:00:36.821492,2026-09-20 21:00:36.821492
92,su,Permissions,Change user ID or become superuser,Switches active shell session user identity to root or another specified user account.,su [options] [username],su - postgres,Switches to postgres user account with a clean login shell environment.,- (provide login shell resetting environment)\n-c command (pass command string to target shell),"sudo, useradd",caution,All Major Linux Distributions,2026-09-20 21:00:36.821492,2026-09-20 21:00:36.821492
93,umask,Permissions,Set default file creation permissions mask,Displays or sets automated permission bit mask subtracted when creating new files and directories.,umask [-p] [-S] [mode],umask 0022,Sets default file mask ensuring new files get 644 and directories 755 permissions.,"-S (symbolic output format u=rwx,g=rx,o=rx)","chmod, touch, mkdir",safe,All Major Linux Distributions,2026-09-20 21:00:36.821492,2026-09-20 21:00:36.821492
94,uname,System Information,Print system information,"Prints system architecture, kernel version, hostname, and OS release information.",uname [OPTION]...,uname -a,"Outputs complete system details: Linux kernel version, machine architecture, build date.",-a (print all system details)\n-r (print kernel release)\n-m (print machine hardware architecture)\n-o (print operating system name),"hostnamectl, lsb_release, arch",safe,All Major Linux Distributions,2026-09-20 21:00:36.821492,2026-09-20 21:00:36.821492
95,hostname,System Information,Show or set the system's host name,Displays or configures the network hostname of the current system.,hostname [options] [new_hostname],hostname -I,Displays all network IP addresses assigned to system host.,-I (display all network host addresses)\n-f (display fully qualified domain name FQDN)\n-d (display domain name),"hostnamectl, uname",safe,All Major Linux Distributions,2026-09-20 21:00:36.821492,2026-09-20 21:00:36.821492
96,uptime,System Information,Tell how long the system has been running,"Outputs system uptime duration, count of logged in users, and 1, 5, 15 minute CPU load averages.",uptime [options],uptime -p,Displays system uptime duration in a friendly readable format.,-p (pretty format uptime)\n-s (since when system has been booted),"top, w, who",safe,All Major Linux Distributions,2026-09-20 21:00:36.821492,2026-09-20 21:00:36.821492
97,free,System Information,Display amount of free and used memory in the system,"Reports total, used, available, and swap physical RAM memory capacities.",free [options],free -h -t,Displays memory statistics in human-readable units with total aggregate row.,-h (human-readable format GB/MB)\n-m (show memory in MB)\n-g (show memory in GB)\n-t (display total memory summary line),"vmstat, top, htop",safe,All Major Linux Distributions,2026-09-20 21:00:36.821492,2026-09-20 21:00:36.821492
98,lscpu,System Information,Display information about the CPU architecture,"Gathers CPU architecture details from sysfs and /proc/cpuinfo (cores, threads, sockets, NUMA nodes, cache).",lscpu [options],lscpu,Displays detailed breakdown of system processor architecture and features.,-e (extended readable CPU format)\n-J (output in JSON format),"nproc, lshw, top",safe,All Major Linux Distributions,2026-09-20 21:00:36.821492,2026-09-20 21:00:36.821492
99,lsusb,System Information,List USB devices,Inspects attached USB buses and connected device hardware details.,lsusb [options],lsusb -v -d 05ac:,Displays verbose details for connected Apple USB devices.,-v (verbose output)\n-t (dump physical USB device hierarchy tree)\n-d vendor:product (filter by device IDs),"lspci, lshw, dmesg",safe,All Major Linux Distributions,2026-09-20 21:00:36.821492,2026-09-20 21:00:36.821492
100,lspci,System Information,List all PCI devices,"Lists hardware controllers and expansion cards connected to PCI/PCIe bus (GPU, NVMe controllers, WiFi cards).",lspci [options],lspci -nnk | grep -A 3 VGA,Displays graphics card hardware model alongside bound kernel drivers.,-nn (show numerical vendor and device codes)\n-k (show kernel drivers handling device)\n-v (verbose output),"lsusb, lshw, dmesg",safe,All Major Linux Distributions,2026-09-20 21:00:36.821492,2026-09-20 21:00:36.821492
101,systemctl,System Services,Control the systemd system and service manager,"Primary utility for managing systemd services, targets, sockets, and system state.",systemctl [OPTIONS...] COMMAND [NAME...],systemctl status nginx.service,Checks active running state and recent logs of Nginx service.,start / stop / restart / reload\nenable (enable service at boot)\ndisable (disable boot autostart)\nis-active / is-enabled,"service, journalctl, init",caution,All Major Linux Distributions,2026-09-20 21:00:36.821492,2026-09-20 21:00:36.821492
102,journalctl,System Services,Query the systemd journal logs,"Fetches, filters, and streams log messages indexed by systemd journald daemon.",journalctl [OPTIONS...] [MATCHES...],journalctl -u docker.service -f -n 50,Follows Docker service log output streaming last 50 entries.,"-u service (filter by systemd unit)\n-f (follow live log stream)\n-n lines (number of journal entries)\n-b (logs from current boot only)\n--since ""1 hour ago""","systemctl, dmesg, tail",safe,All Major Linux Distributions,2026-09-20 21:00:36.821492,2026-09-20 21:00:36.821492
103,cron,System Services,Daemon to execute scheduled commands,Background daemon responsible for triggering periodic cron jobs configured in crontabs.,cron [-f] [-l] [-L loglevel],cron,Runs main cron scheduling service.,-f (run daemon in foreground mode),"crontab, at, systemctl",safe,All Major Linux Distributions,2026-09-20 21:00:36.821492,2026-09-20 21:00:36.821492
104,crontab,System Services,Maintain crontab files for individual users,Schedules automated recurring background tasks using cron timetable syntax.,crontab [-u user] file or crontab [-u user] [-e | -l | -r],crontab -e,Opens interactive editor to configure user recurring cron jobs.,-e (edit active crontab file)\n-l (list active user crontab jobs)\n-r (remove active crontab file)\n-u user (manage crontab for specified user),"cron, at, systemd-run",safe,All Major Linux Distributions,2026-09-20 21:00:36.821492,2026-09-20 21:00:36.821492
105,whoami,Users,Print effective user name,Outputs the username associated with the active effective user ID.,whoami,whoami,"Prints current logged-in username (e.g., root or apple).",--help (display help manual),"id, who, w",safe,All Major Linux Distributions,2026-09-20 21:00:36.821492,2026-09-20 21:00:36.821492
106,id,Users,Print real and effective user and group IDs,"Outputs user ID (UID), primary group ID (GID), and secondary group memberships for specified user.",id [OPTION]... [USER],id www-data,Displays UID and group IDs assigned to www-data account.,-u (print only effective user ID)\n-g (print only primary group ID)\n-G (print all secondary group IDs)\n-n (print names instead of numbers),"whoami, groups, useradd",safe,All Major Linux Distributions,2026-09-20 21:00:36.821492,2026-09-20 21:00:36.821492
107,w,Users,Show who is logged on and what they are doing,"Displays active logged-in user sessions, login times, IP origins, and running shell commands.",w [options] user,w,Prints active terminal session list with CPU load stats.,-h (do not print header)\n-s (short format output),"who, uptime, ps",safe,All Major Linux Distributions,2026-09-20 21:00:36.821492,2026-09-20 21:00:36.821492
108,useradd,Users,Create a new user or update default new user information,Low-level utility to create new system user account records.,useradd [options] LOGIN,useradd -m -s /bin/bash -g developers devuser,Creates user devuser with home directory and default bash shell.,-m (create user home directory)\n-s shell (specify default login shell)\n-g group (primary group)\n-G groups (supplementary groups list),"adduser, usermod, userdel, passwd",caution,All Major Linux Distributions,2026-09-20 21:00:36.821492,2026-09-20 21:00:36.821492
109,usermod,Users,Modify a user account,"Updates existing user account properties like group membership, home directory, and shell.",usermod [options] LOGIN,usermod -aG docker devuser,Appends user devuser to supplementary group docker.,-aG groups (append supplementary groups)\n-s shell (change default login shell)\n-L (lock user password)\n-U (unlock user account),"useradd, userdel, groupadd",caution,All Major Linux Distributions,2026-09-20 21:00:36.821492,2026-09-20 21:00:36.821492
110,passwd,Users,Change user password,Updates account authentication passwords in /etc/shadow.,passwd [options] [LOGIN],passwd devuser,Prompts for new password for user devuser.,-l (lock user password)\n-u (unlock user password)\n-e (expire password forcing user change at next login),"useradd, shadow",caution,All Major Linux Distributions,2026-09-20 21:00:36.821492,2026-09-20 21:00:36.821492
111,apt,Package Management,Command-line package manager for Debian/Ubuntu,"High-level interface for installing, updating, searching, and removing software packages on Debian/Ubuntu systems.",apt [options] command,sudo apt update && sudo apt install -y build-essential,Updates package index repositories and installs C/C++ compilation tools.,update (fetch latest package lists)\nupgrade (upgrade all installed packages)\ninstall pkg (install package)\nremove pkg (remove package)\nsearch query (search repository packages),"dpkg, apt-get, snap",caution,"Debian, Ubuntu, Linux Mint",2026-09-20 21:00:36.821492,2026-09-20 21:00:36.821492
112,dpkg,Package Management,Debian package manager,Low-level Debian software package tool for installing and inspecting local .deb binary files.,dpkg [option...] action,dpkg -i google-chrome-stable.deb,Installs downloaded Google Chrome Debian package file.,-i file.deb (install package)\n-r pkg (remove package)\n-l pattern (list installed packages matching pattern)\n-L pkg (list files installed by package),"apt, apt-get",caution,"Debian, Ubuntu, Linux Mint",2026-09-20 21:00:36.821492,2026-09-20 21:00:36.821492
113,pacman,Package Management,Arch Linux package manager utility,Fast package manager for Arch Linux handling dependency resolution and package building.,pacman <operation> [options] [targets],sudo pacman -Syu neovim,"Synchronizes package databases, upgrades system, and installs neovim editor.",-Syu (sync repos and upgrade system)\n-Ss pattern (search package repos)\n-R pkg (remove package)\n-Q (query installed packages),"yay, paru, makepkg",caution,"Arch Linux, Manjaro, EndeavourOS",2026-09-20 21:00:36.821492,2026-09-20 21:00:36.821492
114,dnf,Package Management,Next-generation Fedora package manager,"Package manager for Fedora, RHEL, and CentOS managing RPM packages.",dnf [options] COMMAND,sudo dnf install -y postgresql-server,Installs PostgreSQL database server on Fedora/RHEL system.,install pkg (install package)\nupdate / upgrade (upgrade packages)\nsearch query (search packages)\nremove pkg (uninstall package),"rpm, yum, flatpak",caution,"Fedora, RHEL, Rocky Linux, AlmaLinux",2026-09-20 21:00:36.821492,2026-09-20 21:00:36.821492
115,gcc,Development,GNU Compiler Collection for C/C++,Compiles and links C/C++ source code files into executable binary programs.,gcc [option...] infile...,gcc -O2 -Wall main.c -o app,Compiles main.c with optimization level 2 and warnings enabled producing app binary.,-O2 / -O3 (optimization level)\n-Wall (enable all compiler warnings)\n-g (generate debug symbols for gdb)\n-o outfile (output binary path),"g++, make, gdb, clang",safe,All Major Linux Distributions,2026-09-20 21:00:36.821492,2026-09-20 21:00:36.821492
116,git,Development,Distributed version control system,"Tracks source code changes, manages branches, and handles distributed repository operations.",git [--version] [--exec-path[=<path>]] [options] <command> [<args>],git log --oneline -n 10,Displays last 10 repository commits in single-line summary format.,status / add / commit / push / pull / checkout / branch / log / diff / clone / merge,"svn, hg, gh",safe,All Major Linux Distributions,2026-09-20 21:00:36.821492,2026-09-20 21:00:36.821492
117,make,Development,GNU make utility to maintain groups of programs,Automates compilation of source code targets guided by Makefiles.,make [options] [target] ...,make -j4 build,"Runs Makefile target ""build"" executing 4 parallel compilation jobs.",-j jobs (number of parallel build jobs)\n-f file (use specified Makefile path)\n-C dir (change to directory before reading Makefile),"cmake, gcc, ninja",safe,All Major Linux Distributions,2026-09-20 21:00:36.821492,2026-09-20 21:00:36.821492
118,vim,Editors,Vi IMproved - text editor,Highly configurable terminal-based modal text editor designed for fast code editing.,vim [OPTION] [file]...,vim +25 src/index.js,Opens index.js directly positioned at line 25.,-R (read-only mode)\n-b (binary mode)\n+line (jump to line number on open),"nano, emacs, vi, neovim",safe,All Major Linux Distributions,2026-09-20 21:00:36.821492,2026-09-20 21:00:36.821492
119,nano,Editors,Simple command line text editor,"Easy-to-use, beginner-friendly terminal text editor with visible shortcut keys.","nano [OPTIONS] [[+line[,column]] file]...",nano -m /etc/hosts,Opens /etc/hosts file with mouse support enabled.,-m (enable mouse support)\n-B (create backup copies on edit)\n-N (enable line numbers),"vim, micro, pico",safe,All Major Linux Distributions,2026-09-20 21:00:36.821492,2026-09-20 21:00:36.821492
120,openssl,Security,OpenSSL command line tool for cryptography,"Cryptography toolkit for SSL/TLS certificates generation, encryption algorithms, and key management.",openssl command [ command_opts ] [ command_args ],openssl x509 -in cert.crt -text -noout,Decodes and displays SSL certificate expiration dates and Subject fields.,req (generate certificate signing request CSR)\nx509 (manage certificates)\nrand -hex n (generate random bytes)\nenc (encrypt/decrypt data),"gpg, certbot",safe,All Major Linux Distributions,2026-09-20 21:00:36.821492,2026-09-20 21:00:36.821492
121,gpg,Security,OpenPGP encryption and signing tool,"Encrypts files, verifies cryptographic signatures, and manages PGP keyrings.",gpg [options] command [args],gpg --symmetric --cipher-algo AES256 secret.txt,Encrypts secret.txt with password using AES256 cipher producing secret.txt.gpg.,-c / --symmetric (encrypt with passphrase)\n-d (decrypt file)\n-k (list keys)\n--import file (import PGP key),"openssl, md5sum",safe,All Major Linux Distributions,2026-09-20 21:00:36.821492,2026-09-20 21:00:36.821492
122,sha256sum,Checksums,Compute and check SHA256 message digest,Computes SHA-256 cryptographic hash digest of input files to verify integrity.,sha256sum [OPTION]... [FILE]...,sha256sum -c ubuntu.iso.sha256,Verifies SHA256 checksum of ISO image against hash file.,-c (check checksums against file)\n-b (read files in binary mode)\n-t (read files in text mode),"md5sum, sha1sum, shasum",safe,All Major Linux Distributions,2026-09-20 21:00:36.821492,2026-09-20 21:00:36.821492
123,md5sum,Checksums,Compute and check MD5 message digest,Computes 128-bit MD5 checksum hash for file integrity validation.,md5sum [OPTION]... [FILE]...,md5sum release.zip,Outputs 32-character hexadecimal MD5 hash of release.zip.,-c (check checksum file)\n-b (read binary files),"sha256sum, cksum",safe,All Major Linux Distributions,2026-09-20 21:00:36.821492,2026-09-20 21:00:36.821492
124,date,Date and Time,Display or set system date and time,Displays current date and time in custom formats or sets system clock.,date [OPTION]... [+FORMAT],"date +""%Y-%m-%d %H:%M:%S""",Outputs formatted timestamp string (e.g. 2026-09-20 20:30:00).,"+FORMAT (custom format string specifiers %Y, %m, %d, %H, %M, %S, %s epoch)\n-u (display UTC time)\n-d string (parse custom date string)","cal, timedatectl, hwclock",safe,All Major Linux Distributions,2026-09-20 21:00:36.821492,2026-09-20 21:00:36.821492
125,cal,Date and Time,Display a calendar,Displays a formatted monthly or yearly calendar grid in the terminal.,cal [options] [[[day] month] year],cal -3 9 2026,"Displays calendar grid for previous, current, and next month around September 2026.",-3 (display 3 months)\n-y (display full current year calendar)\n-j (display julian days),"date, ncal",safe,All Major Linux Distributions,2026-09-20 21:00:36.821492,2026-09-20 21:00:36.821492
126,sleep,Date and Time,Delay for a specified amount of time,"Pauses execution for a specified duration in seconds, minutes, hours, or days.",sleep NUMBER[SUFFIX]...,"sleep 5s && echo ""Done!""",Pauses execution for 5 seconds before printing message.,s (seconds)\nm (minutes)\nh (hours)\nd (days),"timeout, usleep, cron",safe,All Major Linux Distributions,2026-09-20 21:00:36.821492,2026-09-20 21:00:36.821492
